relative_time_s,kv_used,kv_evictable,kv_available,gen_throughput,global_hit_rate,kv_occupancy_pct,throughput_smoothed,hit_rate_smoothed,method
0,0.0,14.0,128404.0,0.0,0.0,0.010901898487750939,0.0,0.0,flat_prompt_simple_workflow_simple
1,1718.0,98.0,126602.0,1345.1684944223584,0.0,1.4141319752682646,244.57608989497427,0.0,flat_prompt_simple_workflow_simple
2,0.0,2048.0,126370.0,0.0,0.0,1.5947920073509945,200.10770991406986,0.0,flat_prompt_simple_workflow_simple
3,0.0,2048.0,126370.0,0.0,0.0,1.5947920073509945,163.7244899296935,0.0,flat_prompt_simple_workflow_simple
4,823.0,2002.0,125593.0,143.9860608927044,0.0,2.1998473734211714,160.13568465024093,0.0,flat_prompt_simple_workflow_simple
5,1685.0,1980.0,124753.0,625.5497042469603,0.0,2.8539612826862277,244.75641548600808,0.0,flat_prompt_simple_workflow_simple
6,1680.0,2549.0,124189.0,471.08579981089736,0.0,3.293152050335623,285.90721263598795,0.0,flat_prompt_simple_workflow_simple
7,1755.0,4262.0,122401.0,369.1167574504468,0.0,4.685480228628385,301.03622078407136,0.0,flat_prompt_simple_workflow_simple
8,2863.0,4262.0,121293.0,768.219237232984,0.0,5.548287623230388,385.97858741114635,0.0,flat_prompt_simple_workflow_simple
9,674.0,6973.0,120771.0,184.93420029092115,0.0,5.954772695416531,349.4250624801963,0.0,flat_prompt_simple_workflow_simple
10,0.0,7733.0,120685.0,0.0,0.0,6.021741500412714,285.8932329383424,0.0,flat_prompt_simple_workflow_simple
11,1681.0,7651.0,119086.0,314.7642368649825,0.0,7.26689404912084,291.1425063795497,0.0,flat_prompt_simple_workflow_simple
12,2555.0,7651.0,118212.0,306.0718376633711,0.0,7.947483997570434,293.8569302493354,0.0,flat_prompt_simple_workflow_simple
13,4564.0,8698.0,115156.0,752.6597902635784,0.0,10.327212696039496,377.27563207010684,0.0,flat_prompt_simple_workflow_simple
14,5501.0,9685.0,113232.0,1047.1652621150408,0.0,11.82544503107041,499.07374662373115,0.0,flat_prompt_simple_workflow_simple
15,4788.0,13537.0,110093.0,757.5292604398202,0.0,14.269806413431137,546.0656582266564,0.0,flat_prompt_simple_workflow_simple
16,5440.0,15191.0,107787.0,1196.972975044344,0.0,16.065504835770685,664.4124431025996,0.0,flat_prompt_simple_workflow_simple
17,4588.0,17624.0,106206.0,839.5813103704443,0.2907801418439716,17.296640657851704,696.2613280603895,0.05286911669890393,flat_prompt_simple_workflow_simple
18,5077.0,18993.0,104348.0,867.2363263379484,0.0,18.743478328583222,727.347691383582,0.04325655002637594,flat_prompt_simple_workflow_simple
19,4965.0,20003.0,103450.0,977.256810564809,0.0,19.442757245868957,772.785713052896,0.03539172274885304,flat_prompt_simple_workflow_simple
20,3726.0,23524.0,101168.0,874.9721115723257,0.3100775193798449,21.21976669937236,791.3650582382468,0.08533459486357883,flat_prompt_simple_workflow_simple
21,3996.0,23925.0,100497.0,610.0353910115572,0.0,21.74227911974957,758.3960278333941,0.06981921397929176,flat_prompt_simple_workflow_simple
22,3190.0,26215.0,99013.0,704.868741272863,0.0,22.897880359451168,748.6637939132975,0.05712481143760235,flat_prompt_simple_workflow_simple
23,2518.0,27847.0,98053.0,613.2368829252592,0.1735849056603773,23.645439112896945,724.0407191881995,0.07829937402356142,flat_prompt_simple_workflow_simple
24,2449.0,28665.0,97304.0,691.656782639825,0.0,24.228690681991623,718.1527307248587,0.06406312420109571,flat_prompt_simple_workflow_simple
25,2033.0,29834.0,96551.0,624.696904870288,0.0,24.815057079225653,701.160762387664,0.052415283437260124,flat_prompt_simple_workflow_simple
26,1846.0,30929.0,95643.0,294.2255239816817,0.0,25.522123066859788,627.1725372229399,0.04288523190321283,flat_prompt_simple_workflow_simple
27,4061.0,30928.0,93429.0,640.2826299557219,0.0,27.24618044199411,629.556190447082,0.03508791701171958,flat_prompt_simple_workflow_simple
28,4132.0,32136.0,92150.0,858.3508252262885,0.0857632933104631,28.242146739553647,671.1552149523923,0.044301621793309306,flat_prompt_simple_workflow_simple
29,1561.0,36175.0,90682.0,440.2840337781088,0.0,29.385288666697818,629.1786365570679,0.03624678146725307,flat_prompt_simple_workflow_simple
30,2862.0,36127.0,89429.0,616.7447391627029,0.0,30.361008581351523,626.9179279399106,0.029656457564116143,flat_prompt_simple_workflow_simple
31,2668.0,37653.0,88097.0,615.1809431711998,0.0951276102088167,31.398246351757543,624.7839307092358,0.04156030349951624,flat_prompt_simple_workflow_simple
32,2956.0,39345.0,86117.0,593.1042279611197,0.0,32.940086280739465,619.0239847550329,0.034003884681422375,flat_prompt_simple_workflow_simple
33,3556.0,39345.0,85517.0,763.6266950115785,0.0,33.407310501643074,645.3153866198593,0.02782136019389103,flat_prompt_simple_workflow_simple
34,4570.0,40615.0,83233.0,909.2237349701904,0.0,35.18587736921615,693.2987226835558,0.022762931067729024,flat_prompt_simple_workflow_simple
35,4416.0,41962.0,82040.0,851.1093576597111,0.0,36.1148748617795,721.991565406493,0.018624216328141926,flat_prompt_simple_workflow_simple
36,8933.0,42120.0,77365.0,1159.362275535849,0.0,39.755330249653476,801.5135127027395,0.015237995177570665,flat_prompt_simple_workflow_simple
37,8685.0,44399.0,75334.0,1157.0481859627052,0.1135371179039301,41.3368842374122,866.1561805681878,0.03311056294599965,flat_prompt_simple_workflow_simple
38,4964.0,50389.0,73065.0,741.9286151238806,0.3,43.10377049946269,843.5693504874046,0.08163591513763607,flat_prompt_simple_workflow_simple
39,4550.0,51885.0,71983.0,980.1911725530368,0.0,43.94633151115887,868.4096817720649,0.06679302147624769,flat_prompt_simple_workflow_simple
40,5568.0,52499.0,70351.0,976.7152690219868,0.067251461988304,45.2171813920167,888.1016067265961,0.06687637429662156,flat_prompt_simple_workflow_simple
41,3989.0,55294.0,69135.0,902.693750990506,0.2666666666666666,46.16408914638135,890.7547238654888,0.10320188200026612,flat_prompt_simple_workflow_simple
42,2702.0,57783.0,67933.0,687.8769692763386,0.1130434782608695,47.10009500225825,853.8678593947342,0.10499126313855764,flat_prompt_simple_workflow_simple
43,3721.0,57966.0,66731.0,610.5593251169848,0.0,48.03610085813515,809.629944071507,0.08590194256791078,flat_prompt_simple_workflow_simple
44,5072.0,57922.0,65424.0,752.5902717828739,0.0,49.05387095267019,799.2590945644827,0.07028340755556337,flat_prompt_simple_workflow_simple
45,2433.0,61713.0,64272.0,801.9683216435352,0.2539682539682539,49.95094145680512,799.7516813061286,0.10368065235787073,flat_prompt_simple_workflow_simple
46,2218.0,63252.0,62948.0,241.8010944313332,0.0,50.98194957093243,698.3061200561657,0.08482962465643969,flat_prompt_simple_workflow_simple
47,1750.0,64828.0,61840.0,546.9975851503397,0.0,51.84475696553442,670.7954773460154,0.06940605653708701,flat_prompt_simple_workflow_simple
48,2964.0,65063.0,60391.0,303.95929505984583,0.0,52.97310345901665,604.0979896576209,0.05678677353034391,flat_prompt_simple_workflow_simple
49,2366.0,66923.0,59129.0,404.9035065567974,0.0,53.95583173698392,567.8808109120166,0.046461905615735925,flat_prompt_simple_workflow_simple
50,1930.0,68695.0,57793.0,445.9477814570013,0.0,54.996184335529286,545.7111691929229,0.03801428641287485,flat_prompt_simple_workflow_simple
51,2724.0,69376.0,56318.0,404.3378452639302,0.0,56.14477721191733,520.0069284785606,0.031102597974170327,flat_prompt_simple_workflow_simple
52,3766.0,69981.0,54671.0,292.8481900694407,0.0,57.427307698297746,478.7053396769023,0.02544758016068481,flat_prompt_simple_workflow_simple
53,3276.0,71952.0,53190.0,588.1316215048811,0.0,58.58057281689483,498.60102728198933,0.020820747404196663,flat_prompt_simple_workflow_simple
54,2557.0,73762.0,52099.0,761.3877056892277,0.0926724137931034,59.430142191904565,546.3804233560327,0.03388468674763425,flat_prompt_simple_workflow_simple
55,3705.0,74292.0,50421.0,384.02440191789816,0.0,60.736812596365,516.8611467309172,0.02772383461170075,flat_prompt_simple_workflow_simple
56,5211.0,74265.0,48942.0,751.032901181217,0.0,61.8885203008924,559.4378293582444,0.02268313740957334,flat_prompt_simple_workflow_simple
57,7490.0,74261.0,46667.0,590.8689296007744,0.0550755939524838,63.66007880515192,565.1525748568862,0.028572674962829784,flat_prompt_simple_workflow_simple
58,6146.0,78342.0,43930.0,941.2096033948526,0.0627352572145545,65.79139995950723,633.5265800456073,0.03478405355405246,flat_prompt_simple_workflow_simple
59,6951.0,78520.0,42947.0,1178.620999582004,0.0,66.55686897475431,732.6346563249521,0.02845968018058837,flat_prompt_simple_workflow_simple
60,6516.0,81289.0,40613.0,1064.709265719939,0.0,68.37437119406937,793.0118580331315,0.02328519287502685,flat_prompt_simple_workflow_simple
61,4654.0,84628.0,39136.0,884.7007734170181,0.0,69.52452148452709,809.6825699211108,0.019051521443203785,flat_prompt_simple_workflow_simple
62,3038.0,87539.0,37841.0,840.3371428065255,0.24375,70.53294709464404,815.2561286275499,0.05990579027171219,flat_prompt_simple_workflow_simple
63,3529.0,87755.0,37134.0,611.7106576471245,0.0,71.08349296827548,778.2478611765633,0.04901382840412815,flat_prompt_simple_workflow_simple
64,3221.0,88716.0,36481.0,461.3251518857836,0.0,71.59198866202557,720.6255503964214,0.04010222323974121,flat_prompt_simple_workflow_simple
65,2403.0,91089.0,34926.0,415.7326915429878,0.0793918918918918,72.80287810120076,665.1904851503426,0.04724579935831405,flat_prompt_simple_workflow_simple
66,5356.0,91453.0,31609.0,898.4834206339285,0.0,75.3858493357629,707.6073825109945,0.038655654020438766,flat_prompt_simple_workflow_simple
67,6829.0,91431.0,30158.0,749.2791289569725,0.0,76.5157532433148,715.1840636829905,0.0316273532894499,flat_prompt_simple_workflow_simple
68,3282.0,96589.0,28547.0,613.5723186263247,0.0,77.770250276441,696.709200945415,0.025876925418640825,flat_prompt_simple_workflow_simple
69,1485.0,99034.0,27899.0,530.21192755818,0.5333333333333333,78.2748524350169,666.4369694204631,0.11814172685767582,flat_prompt_simple_workflow_simple
70,2280.0,99258.0,26880.0,623.0749588030446,0.0,79.0683549035182,658.5529674900233,0.09666141288355294,flat_prompt_simple_workflow_simple
71,2520.0,99585.0,26313.0,463.8451276780274,0.0,79.50988179227211,623.1515420696603,0.07908661054108876,flat_prompt_simple_workflow_simple
72,3338.0,100238.0,24842.0,461.3466123240642,0.0,80.6553598405208,593.7324639340974,0.06470722680634534,flat_prompt_simple_workflow_simple
73,5664.0,100206.0,22548.0,356.3489920273384,0.0,82.44171377844228,550.571832678323,0.052942276477918916,flat_prompt_simple_workflow_simple
74,4778.0,102884.0,20756.0,567.7515745164281,0.0,83.8371567848744,553.695422103433,0.043316408027388204,flat_prompt_simple_workflow_simple
75,6090.0,104135.0,18193.0,687.3607937526423,0.0,85.83298291516766,577.9982169487438,0.03544069747695398,flat_prompt_simple_workflow_simple
76,5003.0,107089.0,16326.0,904.3027459403762,0.0,87.28682894921272,637.3263131290406,0.028996934299325983,flat_prompt_simple_workflow_simple
77,5438.0,109346.0,13634.0,872.9556317771534,0.0,89.38310828700027,680.1680074286974,0.023724764426721258,flat_prompt_simple_workflow_simple
78,5507.0,110295.0,12616.0,897.065042026251,0.0,90.17583204846673,719.6038319009798,0.01941117089459012,flat_prompt_simple_workflow_simple
79,3241.0,113745.0,11432.0,613.8926272707814,0.0,91.09782117771653,700.3836128773073,0.015881867095573734,flat_prompt_simple_workflow_simple
80,2767.0,114757.0,10894.0,463.368752069674,0.0,91.5167655624601,657.290001821374,0.012994254896378508,flat_prompt_simple_workflow_simple
81,4550.0,114685.0,9183.0,756.0912697440197,0.0,92.84913329907022,675.2538687164003,0.01063166309703696,flat_prompt_simple_workflow_simple
82,2731.0,117134.0,8553.0,463.5240935709476,0.0,93.33971873101902,636.7575459626817,0.008698633443030238,flat_prompt_simple_workflow_simple
83,1526.0,118954.0,7938.0,314.3513575852316,0.0,93.8186235574452,578.1382389849634,0.007117063726115649,flat_prompt_simple_workflow_simple
84,1846.0,118954.0,7618.0,313.81483881878773,0.0,94.06780980859382,530.0794389547497,0.005823052139549167,flat_prompt_simple_workflow_simple
85,2947.0,119571.0,5900.0,128.23423818469817,0.0,95.40562849444781,457.01667517837666,0.004764315386903864,flat_prompt_simple_workflow_simple
86,1725.0,121034.0,5659.0,159.5889913200336,0.0,95.5932968898441,402.93891447685974,0.0038980762256486156,flat_prompt_simple_workflow_simple
87,1797.0,122788.0,3833.0,308.7117606028333,0.0930232558139534,97.01521593546076,385.8067046815822,0.020102654332613122,flat_prompt_simple_workflow_simple
88,2109.0,122788.0,3521.0,312.9932676086594,0.0,97.25817253033064,372.5678979410507,0.016447626272138006,flat_prompt_simple_workflow_simple
89,1233.0,124272.0,2913.0,315.4772226310932,0.0,97.73162640751296,362.18777515742204,0.013457148768112914,flat_prompt_simple_workflow_simple
90,1553.0,124272.0,2593.0,314.5444145975188,0.0,97.98081265866155,353.52534596471236,0.011010394446637838,flat_prompt_simple_workflow_simple
91,1873.0,124272.0,2273.0,313.7825666297301,0.0,98.22999890981016,346.29938608562463,0.009008504547249139,flat_prompt_simple_workflow_simple
92,2193.0,124272.0,1953.0,313.32192663966055,0.0,98.47918516095875,340.30348436817656,0.0073705946295674766,flat_prompt_simple_workflow_simple
93,2513.0,124272.0,1633.0,311.6001765902201,0.0,98.72837141210734,335.0847011358208,0.0060304865151006625,flat_prompt_simple_workflow_simple
94,1286.0,125766.0,1366.0,160.22610916239415,0.0,98.93628619040943,303.292229867925,0.0049340344214459965,flat_prompt_simple_workflow_simple
95,,,,0.0,0.0,98.93628619040943,248.1481880737568,0.004036937253910361,flat_prompt_simple_workflow_simple
96,,,,0.0,0.0,98.93628619040943,203.0303356967101,0.0033029486622902946,flat_prompt_simple_workflow_simple
97,,,,0.0,0.0,98.93628619040943,166.11572920639915,0.0027024125418738773,flat_prompt_simple_workflow_simple
98,,,,0.0,0.0,98.93628619040943,135.91286935069022,0.0022110648069877175,flat_prompt_simple_workflow_simple
99,,,,0.0,0.0,98.93628619040943,111.20143855965563,0.0018090530238990415,flat_prompt_simple_workflow_simple
100,,,,0.0,0.0,98.93628619040943,90.98299518517278,0.001480134292281034,flat_prompt_simple_workflow_simple
101,,,,0.0,0.0,98.93628619040943,74.44063242423228,0.001211018966411755,flat_prompt_simple_workflow_simple
102,,,,0.0,0.0,98.93628619040943,60.90597198346277,0.0009908336997914357,flat_prompt_simple_workflow_simple
103,,,,0.0,0.0,98.93628619040943,49.83215889556045,0.0008106821180111746,flat_prompt_simple_workflow_simple
104,,,,0.0,0.0,98.93628619040943,40.771766369094905,0.0006632853692818701,flat_prompt_simple_workflow_simple
105,,,,0.0,0.0,98.93628619040943,33.358717938350374,0.0005426880294124391,flat_prompt_simple_workflow_simple
106,,,,0.0,0.0,98.93628619040943,27.29349649501394,0.0004440174786101774,flat_prompt_simple_workflow_simple
107,,,,0.0,0.0,98.93628619040943,22.331042586829586,0.0003632870279537815,flat_prompt_simple_workflow_simple
108,,,,0.0,0.0,98.93628619040943,18.27085302558784,0.00029723484105309393,flat_prompt_simple_workflow_simple
109,,,,0.0,0.0,98.93628619040943,14.948879748208231,0.0002431921426798041,flat_prompt_simple_workflow_simple
0,7.0,0.0,129019.0,0.0,0.0,0.005425263125261575,0.0,0.0,static_first_simple_workflow_simple
1,392.0,1485.0,127149.0,349.8764570325846,0.0,1.4547455551594253,63.613901278651745,0.0,static_first_simple_workflow_simple
2,0.0,1952.0,127074.0,0.0,0.0,1.5128733743586564,52.04773740980597,0.0,static_first_simple_workflow_simple
3,0.0,1952.0,127074.0,0.0,0.0,1.5128733743586564,42.58451242620488,0.0,static_first_simple_workflow_simple
4,991.0,1792.0,126243.0,173.80472892094338,0.0,2.1569296110861376,66.44273360706643,0.0,static_first_simple_workflow_simple
5,1816.0,1741.0,125469.0,459.0876152412498,0.0,2.7568087052222032,137.83271208600885,0.0,static_first_simple_workflow_simple
6,4190.0,1388.0,123448.0,788.0275010629895,0.0,4.323159673244152,256.04994644545985,0.0,static_first_simple_workflow_simple
7,3847.0,3515.0,121664.0,1065.7756173494306,0.0,5.705826732596531,403.2727957007273,0.0,static_first_simple_workflow_simple
8,1325.0,6724.0,120977.0,320.07853731518526,0.0,6.2382775564614885,388.14656690335596,0.0,static_first_simple_workflow_simple
9,1283.0,7968.0,119775.0,160.4358741082293,0.0,7.169872738827833,346.74462275878744,0.0,static_first_simple_workflow_simple
10,1443.0,7968.0,119615.0,159.30369946000795,0.0,7.293878753119526,312.66445488628204,0.0,static_first_simple_workflow_simple
11,1170.0,9327.0,118529.0,306.53177133249795,0.0,8.135569575124393,311.54942151286673,0.0,static_first_simple_workflow_simple
12,5620.0,8814.0,114592.0,202.8405198685737,0.0,11.186892564289368,291.7841666684498,0.0,static_first_simple_workflow_simple
13,6661.0,9382.0,112983.0,953.4718745739954,0.0,12.433928045510207,412.09102265127626,0.0,static_first_simple_workflow_simple
14,5419.0,14002.0,109605.0,1120.5115787364073,0.3064798598949212,15.052005022243579,540.8947601213001,0.055723610889985675,static_first_simple_workflow_simple
15,6747.0,15378.0,106901.0,1189.8377946920266,0.2118811881188118,17.147706663773192,658.8844027705231,0.08411589765886315,static_first_simple_workflow_simple
16,6442.0,17776.0,104808.0,1291.363053610076,0.1645569620253164,18.769860338226405,773.8805211049873,0.09874154572549101,static_first_simple_workflow_simple
17,6830.0,18971.0,103225.0,1300.5784152702252,0.0,19.99674484212484,869.643774589576,0.08078853741176537,static_first_simple_workflow_simple
18,6567.0,20791.0,101668.0,1182.7407185713628,0.0,21.203478368700882,926.5704916771735,0.06609971242780802,static_first_simple_workflow_simple
19,7107.0,21557.0,100362.0,1033.480913424481,0.0,22.21567746035683,946.008750176684,0.054081582895479284,static_first_simple_workflow_simple
20,8446.0,21493.0,99087.0,1165.3126637848648,0.0,23.203850386743756,985.882189014535,0.044248567823573955,static_first_simple_workflow_simple
21,8876.0,22593.0,97557.0,1023.7280325215664,0.0,24.389657898408075,992.7632514703589,0.036203373673833236,static_first_simple_workflow_simple
22,3225.0,29626.0,96175.0,688.2136988430332,0.0,25.46075984685257,937.3906055381178,0.029620942096772646,static_first_simple_workflow_simple
23,1887.0,32014.0,95125.0,324.72104906755726,0.0,26.27454931564181,825.9961407252886,0.0242353162609958,static_first_simple_workflow_simple
24,2364.0,31954.0,94708.0,380.2678510011308,0.0,26.597739990389535,744.9546335027144,0.019828895122632927,static_first_simple_workflow_simple
25,1973.0,34278.0,92775.0,554.6728098372869,0.0,28.09588765055105,710.3579382908184,0.016223641463972392,static_first_simple_workflow_simple
26,2490.0,34603.0,91933.0,605.8914102119269,0.0,28.748469300761087,691.3640240946563,0.013273888470522865,static_first_simple_workflow_simple
27,1659.0,36581.0,90786.0,346.40405370130827,0.0,29.63743741571466,628.644029477684,0.010860454203155071,static_first_simple_workflow_simple
28,4184.0,36930.0,87912.0,586.1379295497784,0.1628242074927954,31.8648954474292,620.9156476726101,0.038490227528544224,static_first_simple_workflow_simple
29,5558.0,36866.0,86602.0,1047.5547466409027,0.0,32.88019468944244,698.4863929395724,0.03149200434153618,static_first_simple_workflow_simple
30,5362.0,39292.0,84372.0,1038.2254321644891,0.1926229508196721,34.60852851363291,760.2571273441026,0.06078854006483361,static_first_simple_workflow_simple
31,3042.0,43291.0,82693.0,535.3760876717627,0.0,35.90981662610637,719.3696655854953,0.04973607823486386,static_first_simple_workflow_simple
32,3411.0,44426.0,81189.0,416.8441728102032,0.0,37.07547316044828,664.3650305354422,0.040693154919434066,static_first_simple_workflow_simple
33,4291.0,45237.0,79498.0,683.0184879486064,0.0984974958263772,38.38606172399361,667.7565682469266,0.05120303508433281,static_first_simple_workflow_simple
34,7742.0,44908.0,76376.0,817.8882647092265,0.0,40.80572907786028,695.053240330981,0.04189339234172684,static_first_simple_workflow_simple
35,8134.0,45869.0,75023.0,1169.3057574840218,0.0,41.854354936214406,781.2809707224429,0.03427641191595832,static_first_simple_workflow_simple
36,6078.0,50684.0,72264.0,843.2985342121165,0.2008113590263691,43.99268364515679,792.5568913569289,0.06455549320876028,static_first_simple_workflow_simple
37,7134.0,50684.0,71208.0,1178.8861563085738,0.0,44.811123339481966,862.7985758935915,0.0528181308071675,static_first_simple_workflow_simple
38,7078.0,52125.0,69823.0,1129.329968277758,0.1963190184049079,45.88455040069444,911.258829054349,0.07890920127948393,static_first_simple_workflow_simple
39,6724.0,53893.0,68409.0,1106.023554832544,0.0,46.98045355199727,946.6705973776571,0.06456207377412321,static_first_simple_workflow_simple
40,3271.0,58652.0,67103.0,462.98865061697273,0.0,47.992652643653216,858.7284252393508,0.0528235149061008,static_first_simple_workflow_simple
41,3631.0,58652.0,66743.0,461.2158375123509,0.0,48.27166617580952,786.4534092889871,0.04321923946862793,static_first_simple_workflow_simple
42,3834.0,60001.0,65191.0,436.63498443274347,0.0,49.47452451443895,722.8500593151246,0.03536119592887739,static_first_simple_workflow_simple
43,4196.0,61258.0,63572.0,608.1954804744124,0.2094240837696335,50.72931037155301,702.0037722531769,0.06700899371810577,static_first_simple_workflow_simple
44,2117.0,64120.0,62789.0,508.36166364456847,0.0,51.336164803992986,666.7961161425208,0.05482554031481381,static_first_simple_workflow_simple
45,934.0,66032.0,62060.0,257.8862471272307,0.0,51.90116720660952,592.4488672306497,0.04485726025757494,static_first_simple_workflow_simple
46,1018.0,66350.0,61658.0,316.98018430466976,0.0,52.21273231751739,542.3636521531988,0.03670139475619767,static_first_simple_workflow_simple
47,2363.0,66155.0,60508.0,470.5686965436816,0.3097345132743362,53.10402554523894,529.3100238605593,0.08634377994131377,static_first_simple_workflow_simple
48,1703.0,67738.0,59585.0,571.9058475632614,0.0,53.81938524018415,537.0547190792324,0.0706449108610749,static_first_simple_workflow_simple
49,261.0,69688.0,59077.0,442.4341937696083,0.0,54.21310433556027,519.8509872047553,0.05780038161360673,static_first_simple_workflow_simple
50,421.0,69688.0,58917.0,161.67364557922178,0.0,54.33711034985197,454.727834181931,0.04729122132022369,static_first_simple_workflow_simple
51,0.0,70182.0,58844.0,0.0,0.0,54.39368809387255,372.0500461488526,0.03869281744381938,static_first_simple_workflow_simple
52,2402.0,69907.0,56717.0,176.85559150906963,0.0,56.042193046362755,336.5601453052557,0.03165775972676131,static_first_simple_workflow_simple
53,2722.0,69907.0,56397.0,310.9481464698537,0.0,56.29020507494613,331.90341824427344,0.025901803412804708,static_first_simple_workflow_simple
54,2829.0,72378.0,53819.0,297.60139437742384,0.0,58.28825198022104,325.6666866321189,0.021192384610476577,static_first_simple_workflow_simple
55,3469.0,72378.0,53179.0,614.063316452176,0.0,58.78427603738782,378.10243750849287,0.017339223772208107,static_first_simple_workflow_simple
56,5557.0,73622.0,49847.0,741.5567809496131,0.0,61.366701285012326,444.1850454068784,0.014186637631806632,static_first_simple_workflow_simple
57,5720.0,75001.0,48305.0,1046.1394538036016,0.0,62.56180924774851,553.6313014790098,0.011607248971478152,static_first_simple_workflow_simple
58,4765.0,78548.0,45713.0,540.0142156969655,0.0,64.57070667927395,551.1554677004563,0.009496840067573033,static_first_simple_workflow_simple
59,6427.0,78444.0,44155.0,825.6080477060187,0.0,65.7782152434393,601.0559367923767,0.007770141873468845,static_first_simple_workflow_simple
60,6975.0,79271.0,42780.0,1056.757700788129,0.0,66.84389192875855,683.9108029734225,0.0063573888055654185,static_first_simple_workflow_simple
61,4682.0,83567.0,40777.0,927.443266611469,0.2024291497975708,68.39629222017268,728.1894327257946,0.042006799895020944,static_first_simple_workflow_simple
62,1483.0,87775.0,39768.0,525.7731743815783,0.2275862068965517,69.17830514779966,691.3864766632098,0.07574851025893563,static_first_simple_workflow_simple
63,1627.0,87912.0,39487.0,315.2137229620454,0.0,69.39609071039945,622.9914305357253,0.06197605384822005,static_first_simple_workflow_simple
64,1947.0,87912.0,39167.0,314.63453228694425,0.0,69.64410273898284,566.9265399450378,0.05070768042127095,static_first_simple_workflow_simple
65,3027.0,87859.0,38140.0,318.1943638495011,0.0,70.44006634321764,521.7025079276675,0.041488102162858045,static_first_simple_workflow_simple
66,4142.0,87711.0,37173.0,611.1412221243768,0.0,71.18952769209307,537.9640923270692,0.033944810860520216,static_first_simple_workflow_simple
67,3582.0,88740.0,36704.0,571.7765208566389,0.0,71.55302032148559,544.1118066051728,0.027773027067698356,static_first_simple_workflow_simple
68,1305.0,92559.0,35162.0,280.640611004941,0.0,72.74812828422178,496.207952859676,0.02272338578266229,static_first_simple_workflow_simple
69,1257.0,92785.0,34984.0,160.5258711959186,0.0,72.88608497512129,435.1748471026292,0.018591861094905508,static_first_simple_workflow_simple
70,2304.0,93924.0,32798.0,256.8257397727354,0.0,74.58031714538154,402.7477366790121,0.015211522714013596,static_first_simple_workflow_simple
71,3804.0,93734.0,31488.0,560.4384204899719,0.3233695652173913,75.5956163873948,431.41877009918664,0.07124025771462772,static_first_simple_workflow_simple
72,3947.0,95500.0,29579.0,898.8111488858282,0.2942643391521197,77.07516314541255,516.3992026058488,0.11179009070326262,static_first_simple_workflow_simple
73,3621.0,97773.0,27632.0,1072.8761226333609,0.0,78.5841613318246,617.5768244290327,0.09146461966630577,static_first_simple_workflow_simple
74,2252.0,99763.0,27011.0,469.3290640657796,0.0,79.06545967479423,590.6226861811684,0.07483468881788653,static_first_simple_workflow_simple
75,955.0,101268.0,26803.0,161.08280895097232,0.0,79.22666749337343,512.5245266847691,0.061228381760088976,static_first_simple_workflow_simple
76,1396.0,101235.0,26395.0,160.3251541625267,0.1993865030674846,79.54288282981724,448.4882771352704,0.08634804017961545,static_first_simple_workflow_simple
77,3329.0,102009.0,23688.0,427.8317169356562,0.0,81.64090958411482,444.7325389171587,0.07064839651059446,static_first_simple_workflow_simple
78,4756.0,102848.0,21422.0,610.4650885505212,0.2825,83.39714476152093,474.8657297595882,0.10916686987230455,static_first_simple_workflow_simple
79,3198.0,105782.0,20046.0,431.2104054522355,0.0,84.46359648442949,466.9283980673422,0.08931834807734008,static_first_simple_workflow_simple
80,3678.0,105782.0,19566.0,612.4807147527315,0.0,84.83561452730457,493.3924556465039,0.07307864842691461,static_first_simple_workflow_simple
81,3843.0,107504.0,17679.0,763.9275489281957,0.0,86.29811045835723,542.5806544249933,0.059791621440202856,static_first_simple_workflow_simple
82,6730.0,107232.0,15064.0,899.6571620220585,0.1372727272727272,88.3248337544371,607.503655806278,0.07387909522793455,static_first_simple_workflow_simple
83,5046.0,110301.0,13679.0,765.3144472723232,0.0,89.39826081564955,636.1965269819225,0.060446532459219174,static_first_simple_workflow_simple
84,3750.0,113109.0,12167.0,629.5584878800983,0.2248520710059171,90.57011765070607,634.9896107815908,0.09033844855861879,static_first_simple_workflow_simple
85,5717.0,113038.0,10271.0,480.5633556709898,0.0,92.03958892006263,606.9121098523907,0.07391327609341537,static_first_simple_workflow_simple
86,5068.0,114405.0,9553.0,889.3685938829958,0.0,92.5960659091966,658.2678342215916,0.0604744986218853,static_first_simple_workflow_simple
87,5688.0,115311.0,8027.0,749.9397854603715,0.0,93.77877327050362,674.9354617195515,0.04947913523608797,static_first_simple_workflow_simple
88,2572.0,119372.0,7082.0,590.8347639656135,0.0,94.51118379241393,659.64442576429,0.04048292882952652,static_first_simple_workflow_simple
89,2424.0,120375.0,6227.0,468.2636825577146,0.0,95.17384093128517,624.847926999458,0.03312239631506715,static_first_simple_workflow_simple
90,2212.0,121050.0,5764.0,404.3159121907176,0.0,95.53268333514175,584.7511970342324,0.027100142439600395,static_first_simple_workflow_simple
91,2532.0,121050.0,5444.0,312.28746032625475,0.0,95.78069536372514,535.2123358146,0.022172843814218503,static_first_simple_workflow_simple
92,1202.0,122548.0,5276.0,160.64520318490258,0.0,95.91090167873142,467.10922079101863,0.018141417666178775,static_first_simple_workflow_simple
93,1362.0,122548.0,5116.0,160.22038955457927,0.0,96.03490769302311,411.31125147530236,0.014842978090509907,static_first_simple_workflow_simple
94,,,,0.0,0.0,96.03490769302311,336.5273875707019,0.012144254801326287,static_first_simple_workflow_simple
95,,,,0.0,0.0,96.03490769302311,275.34058983057423,0.009936208473812415,static_first_simple_workflow_simple
96,,,,0.0,0.0,96.03490769302311,225.27866440683346,0.008129625114937429,static_first_simple_workflow_simple
97,,,,0.0,0.0,96.03490769302311,184.31890724195463,0.006651511457676078,static_first_simple_workflow_simple
98,,,,0.0,0.0,96.03490769302311,150.80637865250833,0.005442145738098609,static_first_simple_workflow_simple
99,,,,0.0,0.0,96.03490769302311,123.38703707932498,0.004452664694807953,static_first_simple_workflow_simple
100,,,,0.0,0.0,96.03490769302311,100.95303033762953,0.003643089295751961,static_first_simple_workflow_simple
101,,,,0.0,0.0,96.03490769302311,82.59793391260597,0.002980709423797059,static_first_simple_workflow_simple
102,,,,0.0,0.0,96.03490769302311,67.5801277466776,0.002438762255833957,static_first_simple_workflow_simple
103,,,,0.0,0.0,96.03490769302311,55.292831792736216,0.0019953509365914193,static_first_simple_workflow_simple
104,,,,0.0,0.0,96.03490769302311,45.239589648602355,0.0016325598572111612,static_first_simple_workflow_simple
105,,,,0.0,0.0,96.03490769302311,37.014209712492836,0.0013357307922636772,static_first_simple_workflow_simple
106,,,,0.0,0.0,96.03490769302311,30.2843534011305,0.0010928706482157358,static_first_simple_workflow_simple
107,,,,0.0,0.0,96.03490769302311,24.778107328197677,0.0008941668939946928,static_first_simple_workflow_simple
108,,,,0.0,0.0,96.03490769302311,20.272996904889006,0.0007315910950865667,static_first_simple_workflow_simple
109,,,,0.0,0.0,96.03490769302311,16.586997467636458,0.0005985745323435546,static_first_simple_workflow_simple
0,7.0,0.0,128644.0,0.0,0.0,0.0054410770223317344,0.0,0.0,fixed_semantic_prompt_simple_workflow_simple
1,0.0,1543.0,127108.0,0.0,0.0,1.1993688350654095,0.0,0.0,fixed_semantic_prompt_simple_workflow_simple
2,0.0,1543.0,127108.0,0.0,0.0,1.1993688350654095,0.0,0.0,fixed_semantic_prompt_simple_workflow_simple
3,183.0,1540.0,126928.0,0.0,0.0164835164835164,1.3392822442110828,0.0,0.002997002997002982,fixed_semantic_prompt_simple_workflow_simple
4,1471.0,1540.0,125640.0,473.5115582440575,0.436241610738255,2.340440416320122,86.09301058982864,0.0817687498590488,fixed_semantic_prompt_simple_workflow_simple
5,2624.0,1540.0,124487.0,610.3270212740567,0.0,3.2366635315699064,181.40828525968828,0.06690170443013084,fixed_semantic_prompt_simple_workflow_simple
6,1286.0,3686.0,123679.0,148.73772436852568,0.0,3.8647192792904836,175.46818327947688,0.054737758170107044,fixed_semantic_prompt_simple_workflow_simple
7,1190.0,4519.0,122942.0,393.48468685106434,0.0,4.437586960070267,215.10754756522005,0.04478543850281485,fixed_semantic_prompt_simple_workflow_simple
8,1193.0,5336.0,122122.0,376.96249916539375,0.0,5.074970268400556,244.53572058343343,0.036642631502303055,fixed_semantic_prompt_simple_workflow_simple
9,755.0,5998.0,121898.0,161.23310563288152,0.0,5.249084733115172,229.38979059242396,0.02998033486552068,fixed_semantic_prompt_simple_workflow_simple
10,471.0,6709.0,121471.0,161.39346732373244,0.0,5.5809904314774075,217.02682272538914,0.024529364889971463,fixed_semantic_prompt_simple_workflow_simple
11,4033.0,6604.0,118014.0,308.7983635634869,0.0,8.268105183791809,233.71255742322506,0.020069480364522104,fixed_semantic_prompt_simple_workflow_simple
12,4326.0,7212.0,117113.0,634.4565535614975,0.0,8.96844952623765,306.5751021756382,0.016420483934608994,fixed_semantic_prompt_simple_workflow_simple
13,3268.0,9955.0,115428.0,476.3634222205041,0.0,10.278194495184646,337.4457058201593,0.013434941401043721,fixed_semantic_prompt_simple_workflow_simple
14,3373.0,12032.0,113246.0,550.5267085185802,0.0,11.974255932717195,376.18770631078127,0.010992224782672136,fixed_semantic_prompt_simple_workflow_simple
15,5814.0,11971.0,110866.0,503.60810334032914,0.0,13.824222120309987,399.3550512252445,0.008993638458549929,fixed_semantic_prompt_simple_workflow_simple
16,5362.0,13971.0,109318.0,856.5671435052244,0.3662790697674418,15.027477438962775,482.4845225488772,0.07395462596925755,fixed_semantic_prompt_simple_workflow_simple
17,6789.0,14853.0,107009.0,799.5704759824845,0.0,16.82225555961477,540.1365140822603,0.06050833033848344,fixed_semantic_prompt_simple_workflow_simple
18,6243.0,18356.0,104052.0,1207.8917530137726,0.0,19.120721953191193,661.5465575243534,0.04950681573148645,fixed_semantic_prompt_simple_workflow_simple
19,6989.0,18895.0,102767.0,1179.0063143904365,0.0,20.119548235147803,755.630149681823,0.04050557650757982,fixed_semantic_prompt_simple_workflow_simple
20,6472.0,21488.0,100691.0,1184.7313584792782,0.0,21.7332162206279,833.6485512813604,0.033140926233474394,fixed_semantic_prompt_simple_workflow_simple
21,6959.0,22133.0,99559.0,1171.092535210787,0.4460431654676259,22.61311610481069,895.0020029048924,0.10821406063968377,fixed_semantic_prompt_simple_workflow_simple
22,6304.0,24001.0,98346.0,893.0921410500814,0.0,23.55597702310903,894.6547552949268,0.08853877688701399,fixed_semantic_prompt_simple_workflow_simple
23,6318.0,25068.0,97265.0,813.1962510494772,0.0,24.396234774700545,879.8441181593904,0.07244081745301144,fixed_semantic_prompt_simple_workflow_simple
24,2642.0,29567.0,96442.0,506.5437678284618,0.0,25.035949973183264,811.9713271901306,0.059269759734282085,fixed_semantic_prompt_simple_workflow_simple
25,1282.0,31381.0,95988.0,273.2158939765204,0.0,25.38884268291735,714.0157938785651,0.048493439782594426,fixed_semantic_prompt_simple_workflow_simple
26,1442.0,31381.0,95828.0,159.84673958527853,0.0,25.513210157713505,613.2577840070584,0.03967645073121362,fixed_semantic_prompt_simple_workflow_simple
27,1449.0,32884.0,94318.0,394.9025941137022,0.0,26.686928201102205,573.5568403900845,0.03246255059826569,fixed_semantic_prompt_simple_workflow_simple
28,2210.0,33108.0,93333.0,525.3167527867711,0.0,27.452565467816033,564.7859153713002,0.026560268671308288,fixed_semantic_prompt_simple_workflow_simple
29,1697.0,35027.0,91927.0,394.3883367004427,0.1075757575757575,28.545444652587232,533.8045374311442,0.04129035756302633,fixed_semantic_prompt_simple_workflow_simple
30,1567.0,35677.0,91407.0,597.616727926077,0.0,28.94963894567473,545.4067538847684,0.03378301982429426,fixed_semantic_prompt_simple_workflow_simple
31,2484.0,36673.0,89494.0,334.94264616414955,0.0,30.43660756620625,507.1405524810195,0.027640652583513486,fixed_semantic_prompt_simple_workflow_simple
32,3678.0,37553.0,87420.0,469.514712918284,0.0549378678875081,32.048720958251394,500.29949074234025,0.03260378263878523,fixed_semantic_prompt_simple_workflow_simple
33,5473.0,37552.0,85626.0,873.0309382839139,0.0,33.44319126940327,568.0688448408082,0.026675822159006095,fixed_semantic_prompt_simple_workflow_simple
34,5077.0,40078.0,83496.0,749.373619199716,0.1223328591749644,35.098833277627065,601.0333492697005,0.044068010707362146,fixed_semantic_prompt_simple_workflow_simple
35,4558.0,43396.0,80697.0,888.2256409330894,0.0,37.274486789842285,653.2501295721347,0.036055645124205386,fixed_semantic_prompt_simple_workflow_simple
36,6199.0,43336.0,79116.0,1028.147940311001,0.0,38.50339290017178,721.4133678882922,0.02950007328344077,fixed_semantic_prompt_simple_workflow_simple
37,5288.0,45926.0,77437.0,863.1882831319462,0.0,39.808474088813924,747.1906252053202,0.024136423595542446,fixed_semantic_prompt_simple_workflow_simple
38,4731.0,48017.0,75903.0,905.5365272987476,0.0,41.00084725342205,775.980789222307,0.019747982941807456,fixed_semantic_prompt_simple_workflow_simple
39,7391.0,47946.0,73314.0,1171.4390808063367,0.0,43.01326845496731,847.8822967830396,0.016157440588751553,fixed_semantic_prompt_simple_workflow_simple
40,7963.0,48754.0,71934.0,1080.9368108650688,0.0,44.08593792508414,890.255844797954,0.013219724118069452,fixed_semantic_prompt_simple_workflow_simple
41,5104.0,53459.0,70088.0,591.0385933801151,0.0,45.520827665544765,835.8527081765287,0.010816137914784096,fixed_semantic_prompt_simple_workflow_simple
42,5231.0,55149.0,68271.0,749.6555810519682,0.0,46.93317580119859,820.1805032447904,0.008849567384823351,fixed_semantic_prompt_simple_workflow_simple
43,2887.0,58413.0,67351.0,534.467785168934,0.0,47.64828878127648,768.2327363219074,0.007240555133037287,fixed_semantic_prompt_simple_workflow_simple
44,3158.0,59730.0,65763.0,441.5648770634751,0.0,48.8826359686283,708.8385800931015,0.005924090563394144,fixed_semantic_prompt_simple_workflow_simple
45,2792.0,60860.0,64999.0,522.8928705868706,0.0,49.47649066077994,675.0302692737869,0.004846983188231572,fixed_semantic_prompt_simple_workflow_simple
46,2758.0,61829.0,64064.0,285.19446389126466,0.0,50.20326309161997,604.15103193151,0.003965713517644013,fixed_semantic_prompt_simple_workflow_simple
47,3238.0,61829.0,63584.0,461.2390109798033,0.0,50.57636551600842,578.1670281221088,0.0032446746962541922,fixed_semantic_prompt_simple_workflow_simple
48,2321.0,63222.0,63108.0,421.23482113551535,0.0,50.94635875352699,549.6338995790918,0.0026547338423897936,fixed_semantic_prompt_simple_workflow_simple
49,1913.0,65509.0,61229.0,138.73752803481966,0.375,52.40689928566432,474.92546838922414,0.07035387314377346,fixed_semantic_prompt_simple_workflow_simple
50,2318.0,65780.0,60553.0,478.8695259343884,0.0,52.93235186667806,475.64256976107214,0.05756225984490555,fixed_semantic_prompt_simple_workflow_simple
51,2772.0,67145.0,58734.0,574.2646462276638,0.14375,54.346254595766844,493.5738563913615,0.07323275805492271,fixed_semantic_prompt_simple_workflow_simple
52,2636.0,68386.0,57629.0,616.8177035413958,0.0,55.20516746857778,515.9818286004586,0.059917711135845854,fixed_semantic_prompt_simple_workflow_simple
53,1556.0,69986.0,57109.0,349.7686944249802,0.0,55.609361761665276,485.7612587503716,0.04902358183841933,fixed_semantic_prompt_simple_workflow_simple
54,1510.0,70730.0,56411.0,226.48755856192804,0.0,56.15191487046351,438.6205859888364,0.04011020332234309,fixed_semantic_prompt_simple_workflow_simple
55,2710.0,70721.0,55220.0,314.0040659846412,0.0764525993883792,57.077675260977365,415.96303689716456,0.04671791169798602,fixed_semantic_prompt_simple_workflow_simple
56,3841.0,71943.0,52867.0,739.3819746168004,0.0,58.90665443719831,474.76648011891655,0.03822374593471583,fixed_semantic_prompt_simple_workflow_simple
57,4595.0,72638.0,51418.0,606.828400290969,0.0,60.03295738082098,498.77773833201695,0.031273973946585674,fixed_semantic_prompt_simple_workflow_simple
58,5066.0,75618.0,47967.0,450.848152548895,0.0,62.71540835283053,490.0632681896311,0.025587796865388278,fixed_semantic_prompt_simple_workflow_simple
59,4336.0,77345.0,46970.0,629.9753889177422,0.0,63.49037318015406,515.5018355947421,0.020935470162590408,fixed_semantic_prompt_simple_workflow_simple
60,3133.0,80200.0,45318.0,524.7447522262322,0.0,64.77446735742434,517.1823658913767,0.017129021042119424,fixed_semantic_prompt_simple_workflow_simple
61,3933.0,80200.0,44518.0,760.1256884563987,0.0,65.39630473140512,561.3538790850171,0.014014653579915892,fixed_semantic_prompt_simple_workflow_simple
62,6096.0,80074.0,42481.0,1041.6054568455063,0.0,66.97965814490365,648.6723477687424,0.01146653474720391,fixed_semantic_prompt_simple_workflow_simple
63,6936.0,80074.0,41641.0,1032.959669764432,0.0,67.63258738758347,718.5427699497768,0.00938171024771229,fixed_semantic_prompt_simple_workflow_simple
64,6187.0,83222.0,39242.0,1028.4421214957922,0.4305555555555556,69.4973222128083,774.8881065945068,0.08595877303095652,fixed_semantic_prompt_simple_workflow_simple
65,4768.0,86007.0,37876.0,965.9215790948432,0.0,70.55910952888046,809.6214652309316,0.07032990520714624,fixed_semantic_prompt_simple_workflow_simple
66,3026.0,88866.0,36759.0,614.6240677418914,0.0,71.42734996230111,774.1673929601969,0.05754264971493783,fixed_semantic_prompt_simple_workflow_simple
67,3149.0,90258.0,35244.0,383.6349249790173,0.0,72.60495448927719,703.1614896908916,0.04708034976676732,fixed_semantic_prompt_simple_workflow_simple
68,2030.0,91853.0,34768.0,313.1045780326268,0.0,72.97494772679575,632.2420512075707,0.03852028617280962,fixed_semantic_prompt_simple_workflow_simple
69,2798.0,92997.0,32856.0,196.0702979481063,0.0,74.46113905060979,552.9380960694863,0.03151659777775333,fixed_semantic_prompt_simple_workflow_simple
70,4125.0,92941.0,31585.0,578.2338715227323,0.4545454545454545,75.44908317852173,557.5373279700764,0.10843093537188081,fixed_semantic_prompt_simple_workflow_simple
71,2870.0,95161.0,30620.0,902.7558778501548,0.5,76.19917451088604,620.3043370391815,0.17962531075881155,fixed_semantic_prompt_simple_workflow_simple
72,2093.0,96967.0,29591.0,468.8132440063815,0.0,76.9990128331688,592.7605019423088,0.14696616334811854,fixed_semantic_prompt_simple_workflow_simple
73,3411.0,97337.0,27903.0,313.471500834312,0.0485695276114437,78.31108969226823,541.9806835590366,0.12907586594145037,fixed_semantic_prompt_simple_workflow_simple
74,3402.0,98211.0,27038.0,378.09695402349706,0.0,78.98345135288494,512.1836418253021,0.10560752667936849,fixed_semantic_prompt_simple_workflow_simple
75,3762.0,98211.0,26678.0,458.4327489318784,0.0,79.26327817117628,502.4107522083159,0.08640615819221058,fixed_semantic_prompt_simple_workflow_simple
76,3537.0,99887.0,25227.0,393.2455885554984,0.0,80.3911357082339,482.56254063507635,0.07069594761180865,fixed_semantic_prompt_simple_workflow_simple
77,4642.0,101462.0,22547.0,908.2335297573696,0.0,82.47429091106949,559.9572659300387,0.05784213895511617,fixed_semantic_prompt_simple_workflow_simple
78,5540.0,102855.0,20256.0,950.6734719960511,0.0,84.25507769080691,630.9965761238591,0.047325386417822315,fixed_semantic_prompt_simple_workflow_simple
79,3113.0,106167.0,19371.0,462.6689825212263,0.0,84.94298528577315,600.3915591051986,0.03872077070549098,fixed_semantic_prompt_simple_workflow_simple
80,4830.0,107735.0,16086.0,443.7627375228825,0.1439842209072978,87.49640500268168,571.9135915447774,0.057859579833092215,fixed_semantic_prompt_simple_workflow_simple
81,5538.0,107735.0,15378.0,897.9918152909288,0.0,88.04673107865464,631.2005413168049,0.04733965622707544,fixed_semantic_prompt_simple_workflow_simple
82,4300.0,111048.0,13303.0,641.1125460556592,0.0,89.65962176741728,633.0027239965965,0.038732446003970813,fixed_semantic_prompt_simple_workflow_simple
83,5020.0,111048.0,12583.0,901.6153193565424,0.0,90.21927540399997,681.8413776984048,0.031690183094157935,fixed_semantic_prompt_simple_workflow_simple
84,3759.0,113096.0,11796.0,669.7249504317887,0.0,90.83100792065355,679.6383909226563,0.025928331622492855,fixed_semantic_prompt_simple_workflow_simple
85,3185.0,114297.0,11169.0,563.971866064492,0.0,91.31837296251098,658.6081136757173,0.021214089509312334,fixed_semantic_prompt_simple_workflow_simple
86,2211.0,115717.0,10723.0,338.3780588302358,0.0,91.66504729850526,600.3844673401751,0.017356982325801,fixed_semantic_prompt_simple_workflow_simple
87,2531.0,115717.0,10403.0,310.8815506477823,0.0,91.91378224809756,547.7475733961036,0.014201167357473544,fixed_semantic_prompt_simple_workflow_simple
88,3547.0,115646.0,9458.0,460.3839037010322,0.0,92.64832764611235,531.8632698151815,0.01161913692884199,fixed_semantic_prompt_simple_workflow_simple
89,1731.0,118682.0,8238.0,425.37997936705824,0.0,93.59662964143303,512.5026715518864,0.009506566578143446,fixed_semantic_prompt_simple_workflow_simple
90,3004.0,119449.0,6198.0,315.06249061763714,0.0496688741721854,95.18231494508399,476.60445683656826,0.01680880432251471,fixed_semantic_prompt_simple_workflow_simple
91,3883.0,120504.0,4264.0,261.3741027462144,0.0,96.68560679668249,437.4716651837766,0.013752658082057488,fixed_semantic_prompt_simple_workflow_simple
92,5028.0,120443.0,3180.0,583.3478410566812,0.0,97.52819643842643,463.9946062515774,0.011252174794410671,fixed_semantic_prompt_simple_workflow_simple
93,4596.0,122126.0,1929.0,757.0469831987572,0.0,98.50059463198887,517.2768566056101,0.009206324831790548,fixed_semantic_prompt_simple_workflow_simple
94,3571.0,124531.0,549.0,632.7644068000479,0.0,99.5732641021057,538.2745930045987,0.007532447589646812,fixed_semantic_prompt_simple_workflow_simple
95,3255.0,125372.0,24.0,613.810959895991,0.0,99.98134487878058,552.0084778939428,0.0061629116642564815,fixed_semantic_prompt_simple_workflow_simple
96,2648.0,125942.0,61.0,479.9920668154618,0.0,99.95258490023396,538.9145849705825,0.0050423822707553025,fixed_semantic_prompt_simple_workflow_simple
97,2187.0,126458.0,6.0,312.7060904145207,0.0,99.99533621969515,497.7857677785712,0.004125585494254338,fixed_semantic_prompt_simple_workflow_simple
98,1204.0,127414.0,33.0,159.77655951182692,0.0,99.9743492083233,436.3295480937086,0.003375479040753549,fixed_semantic_prompt_simple_workflow_simple
99,1364.0,127114.0,173.0,159.81866271317526,0.0,99.86552766787666,386.05484166088434,0.002761755578798358,fixed_semantic_prompt_simple_workflow_simple
100,,,,0.0,0.0,99.86552766787666,315.86305226799624,0.00225961820083502,fixed_semantic_prompt_simple_workflow_simple
101,,,,0.0,0.0,99.86552766787666,258.43340640108784,0.0018487785279559254,fixed_semantic_prompt_simple_workflow_simple
102,,,,0.0,0.0,99.86552766787666,211.44551432816277,0.0015126369774184844,fixed_semantic_prompt_simple_workflow_simple
103,,,,0.0,0.0,99.86552766787666,173.00087535940588,0.0012376120724333054,fixed_semantic_prompt_simple_workflow_simple
104,,,,0.0,0.0,99.86552766787666,141.5461707486048,0.0010125916956272498,fixed_semantic_prompt_simple_workflow_simple
105,,,,0.0,0.0,99.86552766787666,115.81050333976755,0.0008284841146041134,fixed_semantic_prompt_simple_workflow_simple
106,,,,0.0,0.0,99.86552766787666,94.75404818708253,0.0006778506392215472,fixed_semantic_prompt_simple_workflow_simple
107,,,,0.0,0.0,99.86552766787666,77.52603942579479,0.0005546050684539931,fixed_semantic_prompt_simple_workflow_simple
108,,,,0.0,0.0,99.86552766787666,63.4303958938321,0.0004537677832805398,fixed_semantic_prompt_simple_workflow_simple
109,,,,0.0,0.0,99.86552766787666,51.897596640408075,0.00037126454995680525,fixed_semantic_prompt_simple_workflow_simple
0,0.0,14.0,129073.0,0.0,0.0,0.010845398839542325,0.0,0.0,prefix_lineage_aware_simple_workflow_simple
1,218.0,1470.0,127399.0,181.64284619906852,0.0,1.3076452315105318,33.025972036194275,0.0,prefix_lineage_aware_simple_workflow_simple
2,0.0,1765.0,127322.0,0.0,0.0,1.3672949251280144,27.021249847795314,0.0,prefix_lineage_aware_simple_workflow_simple
3,238.0,1734.0,127115.0,22.64292751352629,0.0,1.5276518936841046,26.22519124156458,0.0,prefix_lineage_aware_simple_workflow_simple
4,943.0,1679.0,126465.0,300.57786855651943,0.0,2.031188268377141,76.10749620792001,0.0,prefix_lineage_aware_simple_workflow_simple
5,786.0,2668.0,125633.0,419.8109666467715,0.0,2.6757148279842276,138.5990362877112,0.0,prefix_lineage_aware_simple_workflow_simple
6,2126.0,2630.0,124331.0,524.7816318028662,0.0,3.6843369200616634,208.814053654103,0.0,prefix_lineage_aware_simple_workflow_simple
7,1259.0,4463.0,123365.0,367.2938332622864,0.0,4.432669439990084,237.62855903740905,0.0,prefix_lineage_aware_simple_workflow_simple
8,697.0,5285.0,123105.0,161.29925517774575,0.0,4.634083989867299,223.75050379019754,0.0,prefix_lineage_aware_simple_workflow_simple
9,0.0,6079.0,123008.0,0.0,0.0,4.709227110398413,183.0685940101616,0.0,prefix_lineage_aware_simple_workflow_simple
10,1447.0,5814.0,121826.0,139.98084035588792,0.0,5.624888640994058,175.23445698211185,0.0,prefix_lineage_aware_simple_workflow_simple
11,2350.0,5776.0,120961.0,469.0139229294517,0.0,6.294979355008637,228.64890533617364,0.0,prefix_lineage_aware_simple_workflow_simple
12,3187.0,6780.0,119120.0,616.4276346519617,0.0,7.721149302408453,299.1541288481351,0.0,prefix_lineage_aware_simple_workflow_simple
13,2361.0,8425.0,118301.0,494.65555828558286,0.0,8.35560513452168,334.6998432913074,0.0,prefix_lineage_aware_simple_workflow_simple
14,1483.0,11081.0,116523.0,518.5508930305265,0.0,9.732970787143556,368.1273068802563,0.0,prefix_lineage_aware_simple_workflow_simple
15,,,,0.0,0.0,9.732970787143556,301.19506926566424,0.0,prefix_lineage_aware_simple_workflow_simple
16,2005.0,12187.0,114895.0,302.9134151682088,0.0,10.99413573791319,301.5074957933996,0.0,prefix_lineage_aware_simple_workflow_simple
17,4014.0,14080.0,110993.0,595.2441362583974,0.0,14.016903328762773,354.91415769612644,0.0,prefix_lineage_aware_simple_workflow_simple
18,,,,0.0,0.0,14.016903328762773,290.38431084228523,0.0,prefix_lineage_aware_simple_workflow_simple
19,,,,0.0,0.0,14.016903328762773,237.58716341641517,0.0,prefix_lineage_aware_simple_workflow_simple
20,0.0,19413.0,109674.0,0.0,0.0,15.038694833716795,194.38949734070331,0.0,prefix_lineage_aware_simple_workflow_simple
21,3745.0,19520.0,105822.0,1038.1501422369506,0.0,18.022728857282296,347.8005236854756,0.0,prefix_lineage_aware_simple_workflow_simple
22,4705.0,19520.0,104862.0,904.8026347045692,0.0,18.76641334913663,449.0736347798562,0.0,prefix_lineage_aware_simple_workflow_simple
23,3993.0,21456.0,103638.0,761.2763855245385,0.0,19.7146110762509,505.83777127888936,0.0,prefix_lineage_aware_simple_workflow_simple
24,3878.0,22432.0,102777.0,756.7345668454973,0.2240437158469945,20.381603104882753,551.455370472818,0.04073522106308991,prefix_lineage_aware_simple_workflow_simple
25,2093.0,24969.0,102025.0,312.996255563286,0.0,20.964155956835313,508.09916776199395,0.0333288172334372,prefix_lineage_aware_simple_workflow_simple
26,5250.0,25123.0,98714.0,609.1189739704005,0.1083123425692695,23.529092782387075,526.4664052544315,0.046962185476315796,prefix_lineage_aware_simple_workflow_simple
27,6556.0,25086.0,97445.0,693.518960981468,0.0,24.512150720057015,556.8395972048017,0.03842360629880383,prefix_lineage_aware_simple_workflow_simple
28,3835.0,28980.0,96272.0,547.6204711027118,0.0931818181818181,25.420840208541527,555.1633924589672,0.04837964482298823,prefix_lineage_aware_simple_workflow_simple
29,2491.0,31244.0,95352.0,578.084321591831,0.0,26.133537846568593,559.3308341194879,0.039583345764263096,prefix_lineage_aware_simple_workflow_simple
30,1877.0,32688.0,94522.0,568.682738177613,0.0,26.776515063484318,561.0311803118742,0.03238637380712435,prefix_lineage_aware_simple_workflow_simple
31,,,,0.0,0.0,26.776515063484318,459.0255111642607,0.02649794220582901,prefix_lineage_aware_simple_workflow_simple
32,1600.0,34272.0,93215.0,312.51871205835687,0.0,27.78901051229016,432.38791132682366,0.021680134532041914,prefix_lineage_aware_simple_workflow_simple
33,,,,0.0,0.0,27.78901051229016,353.77192744921933,0.017738291889852473,prefix_lineage_aware_simple_workflow_simple
34,3270.0,36189.0,89628.0,686.2800479140587,0.0,30.56775662925004,414.2279493519174,0.014513147909879294,prefix_lineage_aware_simple_workflow_simple
35,5309.0,36263.0,87515.0,736.3777326762668,0.0,32.20463718267525,472.8006372290718,0.011874393744446694,prefix_lineage_aware_simple_workflow_simple
36,2280.0,40068.0,86739.0,458.7354029667888,0.0,32.805782146924166,470.2433219086567,0.009715413063638203,prefix_lineage_aware_simple_workflow_simple
37,1369.0,42437.0,85281.0,131.8638628714899,0.0,33.935252968927934,408.71978390189906,0.007948974324794893,prefix_lineage_aware_simple_workflow_simple
38,1849.0,42437.0,84801.0,470.120312563736,0.0,34.307095214855096,419.88351638586937,0.006503706265741276,prefix_lineage_aware_simple_workflow_simple
39,818.0,43951.0,84318.0,184.25784674596864,0.0,34.68126147481931,377.04248554225103,0.00532121421742468,prefix_lineage_aware_simple_workflow_simple
40,,,,0.0,0.0,34.68126147481931,308.4893063527508,0.004353720723347465,prefix_lineage_aware_simple_workflow_simple
41,1178.0,43951.0,83958.0,159.47921233905825,0.0,34.96014315926468,281.3965619866249,0.0035621351372842895,prefix_lineage_aware_simple_workflow_simple
42,6290.0,43418.0,79379.0,147.2772175707262,0.0,38.5073632511407,257.01122663827965,0.0029144742032326003,prefix_lineage_aware_simple_workflow_simple
43,7290.0,43418.0,78379.0,738.2164615012364,0.0,39.2820345968223,344.5030875224536,0.0023845698026448547,prefix_lineage_aware_simple_workflow_simple
44,,,,0.0,0.0,39.2820345968223,281.8661625183711,0.0019510116567094263,prefix_lineage_aware_simple_workflow_simple
45,,,,0.0,0.0,39.2820345968223,230.6177693332127,0.0015962822645804397,prefix_lineage_aware_simple_workflow_simple
46,0.0,52260.0,76827.0,0.0,0.0,40.48432452532013,188.6872658180831,0.0013060491255658141,prefix_lineage_aware_simple_workflow_simple
47,3126.0,52126.0,73835.0,455.6024025037351,0.0,42.80214119159946,237.21729067001982,0.0010685856481902115,prefix_lineage_aware_simple_workflow_simple
48,4013.0,52842.0,72232.0,998.724995137964,0.0,44.04393935872706,375.6732369369188,0.0008742973485192639,prefix_lineage_aware_simple_workflow_simple
49,5124.0,54210.0,69753.0,955.551052935587,0.0,45.96434962467173,481.10556711849483,0.0007153341942430341,prefix_lineage_aware_simple_workflow_simple
50,5349.0,55085.0,68653.0,901.2025568067908,0.0,46.81648810492149,557.4868379709122,0.0005852734316533915,prefix_lineage_aware_simple_workflow_simple
51,3651.0,58117.0,67319.0,456.8504527714291,0.0,47.84989968006074,539.189313389188,0.00047886008044368395,prefix_lineage_aware_simple_workflow_simple
52,3658.0,58980.0,66449.0,691.8974188008657,0.0,48.52386375080372,566.9544234640384,0.00039179461127210503,prefix_lineage_aware_simple_workflow_simple
53,4129.0,59284.0,65674.0,661.3558737851647,0.0,49.124234043706956,584.1183235224249,0.00032055922740444954,prefix_lineage_aware_simple_workflow_simple
54,,,,0.0,0.0,49.124234043706956,477.91499197289306,0.00026227573151273143,prefix_lineage_aware_simple_workflow_simple
55,1035.0,63223.0,64829.0,160.93507915911076,0.0,49.778831330807904,420.28228055220535,0.00021458923487405296,prefix_lineage_aware_simple_workflow_simple
56,3180.0,63096.0,62811.0,244.7477505812722,0.0,51.342118106393364,388.3669114665811,0.00017557301035149786,prefix_lineage_aware_simple_workflow_simple
57,2376.0,64402.0,62309.0,307.3172140309481,0.0,51.731003121925525,373.63060284192056,0.0001436506448330437,prefix_lineage_aware_simple_workflow_simple
58,,,,0.0,0.0,51.731003121925525,305.69776596157135,0.0001175323457724903,prefix_lineage_aware_simple_workflow_simple
59,1412.0,66837.0,60838.0,464.3697345262669,0.0,52.87054467142315,334.547214791516,9.616282835931024e-05,prefix_lineage_aware_simple_workflow_simple
60,3385.0,66766.0,58936.0,903.2369211223956,0.0,54.34396957090954,437.9453432153123,7.867867774852655e-05,prefix_lineage_aware_simple_workflow_simple
61,3425.0,68039.0,57623.0,750.6309090323984,0.0,55.36111304778948,494.7972642729643,6.437346361243081e-05,prefix_lineage_aware_simple_workflow_simple
62,1332.0,71083.0,56672.0,311.4320086758339,0.2645161290322581,56.097825497532675,461.4581268916678,0.048146510839729824,prefix_lineage_aware_simple_workflow_simple
63,1152.0,71931.0,56004.0,157.13100160869817,0.2111111111111111,56.61530595644798,406.1259222947642,0.07777643816179915,prefix_lineage_aware_simple_workflow_simple
64,732.0,72598.0,55757.0,158.58086931567357,0.0,56.80664977883133,361.1177308440204,0.06363526758692657,prefix_lineage_aware_simple_workflow_simple
65,2298.0,73302.0,53487.0,306.944754368282,0.0,58.565153733528554,351.26809875752247,0.0520652189347581,prefix_lineage_aware_simple_workflow_simple
66,4087.0,73170.0,51830.0,453.6640471649927,0.137,59.84878415332295,369.88554392251706,0.06750790640116572,prefix_lineage_aware_simple_workflow_simple
67,,,,0.0,0.0,59.84878415332295,302.63362684569574,0.05523374160095377,prefix_lineage_aware_simple_workflow_simple
68,1895.0,75714.0,51478.0,308.61755380210093,0.0,60.12146846700287,303.7216135650421,0.04519124312805308,prefix_lineage_aware_simple_workflow_simple
69,3208.0,77465.0,48414.0,753.4354584953292,0.0,62.49506147017128,385.48776718873063,0.036974653468407066,prefix_lineage_aware_simple_workflow_simple
70,,,,0.0,0.0,62.49506147017128,315.399082245325,0.03025198920142396,prefix_lineage_aware_simple_workflow_simple
71,3380.0,78718.0,46989.0,637.6707309283785,0.0,63.59896813776756,373.9939274604256,0.024751627528437785,prefix_lineage_aware_simple_workflow_simple
72,5271.0,79726.0,44090.0,322.20401198711335,0.0,65.84474036889848,364.5775791925506,0.020251331614176367,prefix_lineage_aware_simple_workflow_simple
73,7059.0,79726.0,42302.0,957.6506440338366,0.0,67.22985273497719,472.4090455273298,0.016569271320689753,prefix_lineage_aware_simple_workflow_simple
74,8011.0,80202.0,40874.0,1240.4023953539256,0.0,68.3360834166105,612.0442000412563,0.013556676535109797,prefix_lineage_aware_simple_workflow_simple
75,5055.0,84492.0,39540.0,762.291040156948,0.0,69.36949499174975,639.3618073350184,0.011091826255998924,prefix_lineage_aware_simple_workflow_simple
76,3766.0,87308.0,38013.0,642.5949759515446,0.3028169014084507,70.55241813660554,639.9496561743867,0.06413274901099016,prefix_lineage_aware_simple_workflow_simple
77,2840.0,88899.0,37348.0,564.5942558648673,0.0,71.06757458148381,626.2486742999286,0.05247224919081012,prefix_lineage_aware_simple_workflow_simple
78,2287.0,90023.0,36777.0,412.8634211997625,0.0,71.509911919868,587.4513555544438,0.04293184024702646,prefix_lineage_aware_simple_workflow_simple
79,0.0,92529.0,36558.0,0.0,0.0,71.67956494457226,480.6420181809085,0.03512605111120347,prefix_lineage_aware_simple_workflow_simple
80,0.0,92529.0,36558.0,0.0,0.0,71.67956494457226,393.2525603298342,0.028739496363711925,prefix_lineage_aware_simple_workflow_simple
81,,,,0.0,0.0,71.67956494457226,321.75209481531886,0.023514133388491572,prefix_lineage_aware_simple_workflow_simple
82,0.0,92529.0,36558.0,0.0,0.0,71.67956494457226,263.25171393980634,0.01923883640876583,prefix_lineage_aware_simple_workflow_simple
83,3465.0,92209.0,33413.0,459.54931294190345,0.0,74.11590632674088,298.9421864856422,0.015740866152626588,prefix_lineage_aware_simple_workflow_simple
84,,,,0.0,0.0,74.11590632674088,244.58906167007086,0.012878890488512661,prefix_lineage_aware_simple_workflow_simple
85,,,,0.0,0.0,74.11590632674088,200.1183231846034,0.010537274036055814,prefix_lineage_aware_simple_workflow_simple
86,3084.0,95903.0,30100.0,449.79753994171614,0.0,76.68239249498401,245.51454441316935,0.008621406029500211,prefix_lineage_aware_simple_workflow_simple
87,1736.0,99012.0,28339.0,457.0311761350138,0.0,78.0465887347293,283.97211381714106,0.007053877660500172,prefix_lineage_aware_simple_workflow_simple
88,3777.0,99000.0,26310.0,908.667397803496,0.0,79.61839689511724,397.55307454193286,0.0057713544495001405,prefix_lineage_aware_simple_workflow_simple
89,3795.0,100393.0,24899.0,833.5994319095325,0.1666666666666666,80.71145816387397,476.83423042695097,0.035025047579894046,prefix_lineage_aware_simple_workflow_simple
90,3264.0,101763.0,24060.0,667.244083334266,0.0,81.36140742290084,511.4542036828264,0.0286568571108224,prefix_lineage_aware_simple_workflow_simple
91,2556.0,104196.0,22335.0,565.9879110192466,0.1163475699558173,82.69771549420159,521.3694231985392,0.04460062308263965,prefix_lineage_aware_simple_workflow_simple
92,2898.0,104196.0,21993.0,310.18702622015763,0.0,82.96265309442468,482.97262374792433,0.03649141888579607,prefix_lineage_aware_simple_workflow_simple
93,727.0,107195.0,21165.0,156.37712299449723,0.0,83.60408096864906,423.5916236109376,0.029856615452014967,prefix_lineage_aware_simple_workflow_simple
94,,,,0.0,0.0,83.60408096864906,346.57496477258525,0.02442813991528497,prefix_lineage_aware_simple_workflow_simple
95,685.0,107986.0,20416.0,156.19615503629166,0.0,84.18430980656456,311.9606357296227,0.0199866599306877,prefix_lineage_aware_simple_workflow_simple
96,2868.0,107835.0,18384.0,255.96059657079425,0.0,85.75844198098956,301.77881042801755,0.016352721761471754,prefix_lineage_aware_simple_workflow_simple
97,3347.0,108617.0,17123.0,458.707128407576,0.1476377952755905,86.73530254789405,330.31123187884634,0.040222735127675165,prefix_lineage_aware_simple_workflow_simple
98,,,,0.0,0.0,86.73530254789405,270.2546442645106,0.03290951055900695,prefix_lineage_aware_simple_workflow_simple
99,0.0,112424.0,16663.0,0.0,0.0,87.09165136690758,221.11743621641776,0.026925963184642045,prefix_lineage_aware_simple_workflow_simple
100,3172.0,112247.0,13668.0,615.2450115583057,0.0,89.41179204722397,292.7769953694883,0.022030333514707127,prefix_lineage_aware_simple_workflow_simple
101,,,,0.0,0.0,89.41179204722397,239.54481439321768,0.01802481833021492,prefix_lineage_aware_simple_workflow_simple
102,2174.0,114813.0,12100.0,313.18216703454976,0.0,90.6264767172527,252.93342396436896,0.014747578633812205,prefix_lineage_aware_simple_workflow_simple
103,635.0,117266.0,11186.0,302.94723516075214,0.0,91.33452632720568,262.0268441818931,0.012066200700391803,prefix_lineage_aware_simple_workflow_simple
104,2661.0,117163.0,9263.0,464.3110467377981,0.0,92.82421932495139,298.80579010114855,0.009872346027593293,prefix_lineage_aware_simple_workflow_simple
105,2257.0,117912.0,8918.0,312.21738107021145,0.0,93.09148093921154,301.2442611864327,0.00807737402257633,prefix_lineage_aware_simple_workflow_simple
106,1386.0,119426.0,8275.0,211.32240201371476,0.0,93.58959461448481,284.8948322459385,0.006608760563926087,prefix_lineage_aware_simple_workflow_simple
107,1706.0,119426.0,7955.0,315.0973772200777,0.0,93.83748944510292,290.38620405941833,0.005407167734121344,prefix_lineage_aware_simple_workflow_simple
108,1235.0,120134.0,7718.0,157.0132734155396,0.0,94.02108655402945,266.13658030598583,0.004424046327917462,prefix_lineage_aware_simple_workflow_simple
109,1395.0,120134.0,7558.0,155.13663286643404,0.0,94.14503396933851,245.95477168061277,0.003619674268296105,prefix_lineage_aware_simple_workflow_simple
